"","p_val","avg_log2FC","pct.1","pct.2","p_val_adj"
"Rps29",3.40817078640113e-42,0.950083721005173,1,1,4.98206405556117e-38
"Malat1",1.3132811660341e-34,-3.52330052731484,0.211,0.908,1.91975440850865e-30
"Rpl21",6.41078809255384e-33,1.25601477541501,1,0.856,9.3712900336952e-29
"Rps21",8.42373324017802e-31,1.23901784715259,0.989,0.84,1.23138132504922e-26
"Rplp1",1.40410560913398e-25,1.1988432540839,1,0.833,2.05252157943206e-21
"Ctsb",3.86254110834094e-24,-1.5575678487258,0.822,0.961,5.64626259217279e-20
"Rps15a",7.79376989605571e-24,0.856438711911512,1,0.935,1.13929328340542e-19
"Rps26",3.22299960228581e-23,1.1130694008066,0.989,0.889,4.7113808186214e-19
"Rps19",3.36115914270537e-23,0.838800301206405,1,0.969,4.9133424348067e-19
"Tmsb4x",8.00729872715567e-23,0.511920502155837,1,1,1.17050692793562e-18
"Rpl23",8.164567162427e-23,0.7802780500034,1,0.962,1.19349642780358e-18
"Rpl35a",1.57980847023848e-22,0.734251159504111,1,0.977,2.30936402179461e-18
"mt-Atp6",1.28932676463512e-21,1.00919565369817,0.989,0.971,1.88473786454362e-17
"Rpl39",1.59349544828257e-21,0.639886511078542,1,1,2.32937164629946e-17
"mt-Co2",1.90952969823699e-21,0.936522146724402,1,0.977,2.79135051288283e-17
"Rps27",9.55326056216621e-21,0.8852270209598,1,0.975,1.39649562897746e-16
"Rpl32",1.50202416472871e-20,0.785057517201353,1,0.952,2.19565892400042e-16
"Rps3",1.35584854280961e-19,0.879044581541416,1,0.919,1.98197939987909e-15
"Rpl18",2.03358730619549e-19,0.918115974685188,0.989,0.867,2.97269792419657e-15
"Rps12",5.26403406818682e-19,1.04299822280827,0.978,0.828,7.6949650008755e-15
"Rpl18a",9.05578639449916e-19,0.69646447448168,1,0.968,1.32377485514789e-14
"Rpl19",1.30023547312641e-18,0.62211416368404,1,0.977,1.90068421461619e-14
"Rps5",1.52856623065437e-17,0.817010797032678,1,0.907,2.23445811597056e-13
"Rps13",1.52923369873108e-17,0.877134409314079,1,0.844,2.23543382080509e-13
"AC160336.1",4.24055123046328e-17,-4.27069346569437,0.089,0.576,6.19883778869122e-13
"Rpl13",4.7886561615712e-17,0.520629858933606,1,0.993,7.00005757698478e-13
"Cx3cr1",8.0997043514204e-17,-1.60397096570625,0.522,0.842,1.18401478209063e-12
"Gm11808",2.38513649484275e-16,0.565287176588993,1,0.982,3.48659252816113e-12
"mt-Nd4",2.91580607669758e-16,0.800391480333807,0.989,0.946,4.26232532291653e-12
"mt-Cytb",4.30461193681344e-16,0.919227053695429,1,0.961,6.29248172923388e-12
"Rpl27a",7.62825932807889e-16,0.724080590231117,1,0.966,1.11509894857857e-11
"Rpl34",9.82390887019789e-16,0.605029321108747,1,0.964,1.43605899864553e-11
"mt-Co1",1.07747313286394e-15,0.790623189339628,1,0.98,1.57505022562051e-11
"Gm10260",1.22116872661055e-15,1.75385635265619,0.644,0.273,1.7851044445593e-11
"Rpl8",5.58707730910277e-15,0.804727651018271,0.989,0.876,8.16718961044643e-11
"Rpl37a",6.66556525505763e-15,0.489871944771821,1,0.991,9.74372328984324e-11
"Rps23",1.6811892464101e-14,0.65340495030595,1,0.932,2.45756244040228e-10
"Rpl7",6.2396869699848e-14,0.851725644733828,0.978,0.795,9.12117441272378e-10
"Npl",4.09979877655516e-13,1.43324767550892,0.7,0.334,5.99308585156833e-09
"mt-Atp8",7.93044319049925e-13,1.15046611680834,0.822,0.542,1.15927218558718e-08
"mt-Co3",7.97135563722588e-13,0.6712104327681,1,0.973,1.16525276704968e-08
"Actb",8.98705508013321e-13,-0.861572220003238,1,0.998,1.31372771161387e-08
"Maf",9.10352539180013e-13,-1.40524417517033,0.6,0.835,1.33075334177334e-08
"Rps10",9.29504907095718e-13,0.659134059112638,1,0.953,1.35875027319252e-08
"Rps28",2.27259748106666e-12,0.370746009757513,1,1,3.32208299782325e-08
"Rpl36",6.52280707161334e-12,0.458122053510366,1,0.991,9.53503937728438e-08
"Rpl35",1.43142637378234e-11,0.399099702955954,1,0.991,2.09245907319502e-07
"Sirpa",1.64647544827038e-11,-1.29712683536013,0.533,0.803,2.40681781028164e-07
"Rps7",2.09870103137997e-11,0.599252647255651,1,0.953,3.06788116767124e-07
"Eef1a1",3.18069376236207e-10,0.566661202371131,1,0.948,4.64953814182087e-06
"mt-Nd2",3.64244631015358e-10,0.975490733846831,0.856,0.65,5.32452801618251e-06
"mt-Nd1",8.37184167062666e-10,0.77247159444054,0.922,0.806,1.22379581541221e-05
"Rbm39",9.01489973952237e-10,-2.43400302451336,0.144,0.483,1.31779804392338e-05
"Rplp2",1.11605579155705e-09,0.502855942574638,1,0.948,1.6314503560981e-05
"Rpl26",1.89353955623762e-09,0.608557959345898,0.967,0.876,2.76797612330816e-05
"Rpl36a",2.55208806522642e-09,0.65472560088627,0.978,0.855,3.73064233374798e-05
"Rps27a",2.99745123993605e-09,0.373660581956091,1,0.993,4.38167422253852e-05
"Tpt1",3.28135473226273e-09,0.579330694525854,0.956,0.867,4.79668434762166e-05
"Eef1b2",4.79589004572926e-09,0.898392637630309,0.833,0.6,7.01063206884704e-05
"Rpl10",5.16536241049515e-09,0.750480130932171,0.889,0.731,7.55072677166181e-05
"Rpl30",6.02842435583776e-09,0.419206406563501,1,0.98,8.81235072336363e-05
"Zfp36l1",1.06235994507043e-08,-2.12128190133928,0.178,0.492,0.000155295776770396
"Rps9",1.20429520678172e-08,0.480642966617991,0.989,0.957,0.000176043873327352
"Son",1.32851994601553e-08,-2.14830523920263,0.178,0.485,0.00019420304570855
"Rps16",1.3946720354239e-08,0.46507077718538,1,0.944,0.000203873158138266
"Rpl28",2.39198724801693e-08,0.556675793091216,0.933,0.869,0.000349660695915115
"Psap",2.75818211574498e-08,-0.923637201589355,0.622,0.826,0.000403191061679602
"Rsrp1",4.66800529744427e-08,-2.03972294982002,0.167,0.469,0.000682369014380403
"Csf1r",7.12316581225536e-08,-0.844183468339462,0.711,0.873,0.00104126437843549
"mt-Nd4l",9.17352927763524e-08,0.703734349548162,0.933,0.81,0.00134098650980472
"Ldhb",1.32781116148584e-07,-2.02045659145286,0.156,0.449,0.00194099435586
"Grn",1.36682108350505e-07,-0.788160749734391,0.789,0.862,0.00199801905986768
"Rpl15",1.73312445805957e-07,0.516300861026413,1,0.937,0.00253348133279149
"Ethe1",2.27941485441843e-07,1.65303034216627,0.333,0.131,0.00333204863418886
"Ints6l",2.43554670492903e-07,-2.77627747251248,0.089,0.355,0.00356028217326525
"Rpl10a",2.45935214279563e-07,0.441005757119483,1,0.978,0.00359508096233866
"Rplp0",2.47507455697539e-07,0.406810710293291,1,0.971,0.00361806398738663
"Hnrnpa2b1",2.80063872820172e-07,-1.34135337666874,0.4,0.619,0.00409397369288527
"Rps3a1",3.90935840089954e-07,0.489583312954623,1,0.962,0.00571470011043495
"Qk",5.30018675444931e-07,-1.1529231758215,0.511,0.68,0.007747812997654
"Apoe",5.90247230554453e-07,0.564107284850892,0.989,0.955,0.008628234016245
"Rps24",6.41065157328914e-07,0.306722949971609,1,0.996,0.00937109046983406
"Rps4x",6.82303041576248e-07,0.440675112623896,1,0.964,0.00997390586176159
"Atp6v0b",8.09067501404614e-07,-0.711361581416563,0.744,0.864,0.0118269487355326
"Hsp90b1",8.60033045668229e-07,-1.19005068970756,0.4,0.634,0.0125719630615782
"Slc25a3",9.61463084560343e-07,0.807063278871557,0.744,0.515,0.0140546673701031
"Qsox1",1.01196787333244e-06,-4.03324352030919,0.022,0.253,0.0147929463723735
"Rpl3",1.327482612926e-06,0.562954702167997,0.933,0.853,0.0194051408357523
"Eno1",1.68850798263272e-06,1.26869124806817,0.467,0.259,0.0246826096901251
"Uqcrh",1.88552109506728e-06,0.644635693395522,0.844,0.619,0.0275625473676935
"Eif3f",2.09351806422753e-06,0.824238210880075,0.644,0.395,0.0306030470628781
"Rpl38",2.61640849353298e-06,0.316832231403559,1,0.982,0.038246659358465
"Rpl14",3.46744929280999e-06,0.543515991365232,0.922,0.811,0.0506871737622965
"Rps2",4.73773538632577e-06,0.360580551210068,1,0.977,0.06925621587731
"Snhg9",5.16477188586828e-06,-2.25286792023001,0.1,0.334,0.0754986354276225
"Arhgap45",6.46574857035836e-06,-2.66935918114904,0.033,0.251,0.0945163126014986
"Sfpq",6.67890493446635e-06,-1.65588213331934,0.189,0.422,0.0976322323320292
"Rps11",8.58932132469237e-06,0.308677902084145,1,0.998,0.125558699124353
"Rpl12",9.09091919452965e-06,0.540171786102392,0.9,0.729,0.132891056785634
"Rpl37",1.25976364281529e-05,0.334014424388489,1,0.991,0.184152249306739
"Mtdh",1.30750787466915e-05,-1.48561564618874,0.178,0.422,0.191131501119136
"Cox8a",1.35728008221878e-05,0.358076054909517,0.978,0.914,0.198407202418742
"Pola2",1.3723327050607e-05,-3.08093575743836,0.033,0.235,0.200607594825773
"Cst3",1.81802438566954e-05,-0.415518211103878,0.989,0.998,0.265758804697173
"Bola2",1.91259129189753e-05,0.559592522575353,0.778,0.56,0.279582595049582
"Slc25a5",2.44479255349632e-05,0.590494942628062,0.722,0.51,0.357379775470091
"Fus",2.48684365494101e-05,-1.67817064066282,0.144,0.377,0.363526805479277
"Tia1",2.53680408640847e-05,-2.94489104568609,0.044,0.237,0.37083002135119
"Gm8186",2.8526658814878e-05,1.66617114049921,0.233,0.09,0.417002698555887
"Exosc2",3.22776631982154e-05,-4.62112857929478,0.022,0.203,0.471834880631512
"Zfhx3",3.27473701989333e-05,-1.92467230108616,0.067,0.273,0.478701057568008
"Snhg20",3.29870325539939e-05,-2.69237213143642,0.033,0.224,0.482204441874282
"Marcks",3.47585417557587e-05,-0.486970761396568,0.944,0.961,0.508100363385681
"Akr1a1",3.58906239511319e-05,0.55638770007306,0.844,0.632,0.524649140917647
"Epb41l2",3.70208661053812e-05,-1.80402567693286,0.167,0.375,0.541171020728463
"Rpl27-ps3",3.87918248669074e-05,1.0827874133005,0.333,0.16,0.567058895904452
"Rpl22",3.93813069108648e-05,0.374490117493682,0.978,0.916,0.575675944423022
"Apoc1",4.08649602767907e-05,1.14530815550593,0.556,0.332,0.597363989326126
"Picalm",5.17382649537149e-05,-1.0290212549585,0.4,0.596,0.756309957093404
"Cox7b",5.5386420627934e-05,0.633057202724158,0.678,0.483,0.809638696739139
"Psma5",6.5364270912522e-05,1.03603135938125,0.4,0.226,0.955494912199247
"Ctsd",6.6594517649749e-05,-0.530589698581315,0.967,0.961,0.973478659004032
"Arglu1",6.70050658499845e-05,-1.93359762143246,0.122,0.321,0.979480052595074
"Gnb2",7.16911773053223e-05,0.747748551070056,0.644,0.456,1
"Rpl11",7.174858045386e-05,0.306461790797813,1,0.977,1
"Pabpc1",7.29028675590421e-05,-0.653740456160928,0.722,0.808,1
"Nt5dc2",7.31003940371113e-05,1.43042462781597,0.211,0.079,1
"mt-Nd5",7.46468784877591e-05,0.678174501699365,0.633,0.454,1
"Rps8",8.29693624321482e-05,0.378397411481929,0.967,0.853,1
"Gm47283",9.00814108114137e-05,-1.33140637480228,0.289,0.501,1
"Gm3550",9.54898115138516e-05,0.832630315993313,0.544,0.336,1
"Rpl29",9.59576281432788e-05,0.39183600664103,0.989,0.919,1
"Eif1",9.64747372236327e-05,0.40978596420162,0.878,0.811,1
"Tmem245",9.69876215436487e-05,-2.22467626965978,0.122,0.307,1
"Ubb",0.000100902335847309,0.542829224357725,0.822,0.715,1
"Ndufv2",0.000101340860966004,0.885108390543877,0.433,0.244,1
"Luc7l2",0.000103147938608322,-1.77117212668763,0.144,0.343,1
"Wsb1",0.000104139776849652,-1.65141387725172,0.1,0.302,1
"Rps20",0.000109739072615085,0.268434973036121,1,0.991,1
"Rrbp1",0.000116765713420275,-1.10929347491395,0.267,0.488,1
"Atp5f1",0.000119730822708694,0.61165720794385,0.622,0.418,1
"Laptm5",0.000123870613702986,-0.591358793344117,0.678,0.776,1
"Ppia",0.000136606044949243,0.321589142313428,1,0.968,1
"Cd164",0.000145379531994783,-1.40878953176834,0.178,0.384,1
"Atrx",0.00014771960382687,-1.88976031950692,0.078,0.262,1
"Ogt",0.000151820068916201,-2.26496610157841,0.067,0.242,1
"Rbm25",0.000161365441452995,-1.56955058959583,0.133,0.33,1
"Rpl4",0.000169242192585605,0.569145338094807,0.744,0.551,1
"Ivns1abp",0.00017256572563267,-2.08009579796785,0.1,0.28,1
"Ly86",0.000184987315741761,0.460948635981063,0.856,0.743,1
"Jmjd1c",0.000195011920131293,-2.44189492410719,0.056,0.221,1
"Hnrnph1",0.000222577526342283,-1.15742831152722,0.156,0.357,1
"Rps25",0.000245048030694961,0.485876539133747,0.856,0.715,1
"Ptprc",0.000248342764243332,-1.98113881815014,0.111,0.289,1
"Rpl17",0.000262000955969812,0.475226438244451,0.778,0.641,1
"Macf1",0.000277873315538421,-1.54762167531526,0.122,0.307,1
"Sh3bgrl3",0.000278207968162968,0.453715388857471,0.833,0.702,1
"Atp6ap1",0.000309471415072421,-1.95204478965234,0.1,0.273,1
"Serinc3",0.000318103422944402,-0.64345538652993,0.678,0.794,1
"Arsb",0.000331117226122321,-0.855144989378026,0.511,0.661,1
"Gm26917",0.0003605988046815,-0.640265504881802,0.067,0.235,1
"Celf2",0.000362531493711076,-1.59962069987394,0.189,0.363,1
"Polr2m",0.00036774895538858,1.08214518854845,0.233,0.102,1
"Srrm2",0.000379129213783893,-1.65370141102779,0.156,0.33,1
"Rps14",0.000385099140331068,0.356453629748172,0.933,0.833,1
"Ube3a",0.000393359116368714,-2.32974773588163,0.078,0.237,1
"Bcl2a1d",0.000401817781238422,1.00803327416094,0.333,0.178,1
"Ddx3x",0.000411506017385016,-1.36659831209142,0.211,0.386,1
"Cdk4",0.000436054886639329,0.571838743432053,0.611,0.418,1
"Wdr26",0.000442352593435076,-1.34502352538961,0.167,0.346,1
"Ddx5",0.000454165212584544,-0.831114311528045,0.444,0.589,1
"AC149090.1",0.000467087600785023,-1.87395822277564,0.078,0.246,1
"Mrpl2",0.000468519901515698,1.36619341781938,0.244,0.118,1
"Ttyh3",0.000487900757999727,-1.34232581166015,0.156,0.343,1
"Eif5a",0.000511910227811205,0.509361394944863,0.822,0.673,1
"Mef2c",0.000534602231402929,-0.618243587157932,0.733,0.786,1
"Vdac1",0.000535258073866893,0.822796584090662,0.4,0.244,1
"Cstb",0.000538872441439482,0.582374223607016,0.689,0.515,1
"Commd3",0.000539957782135568,0.971808041909915,0.378,0.221,1
"Mbnl1",0.000547058154351824,-0.869062580320155,0.4,0.566,1
"Tra2b",0.000556847531510508,-1.62634446193437,0.111,0.282,1
"Serpine2",0.000595435524185611,-0.840845260074009,0.389,0.54,1
"Prdx1",0.000603593020074401,0.4537770816663,0.911,0.788,1
"Calr",0.000620878825333678,-0.857741769824404,0.422,0.571,1
"Eif4a2",0.00062099750110899,-1.57142995581794,0.1,0.273,1
"Arpc3",0.000671655533260961,0.485175286707352,0.722,0.564,1
"Man2b1",0.000711629137731644,-0.924407292523687,0.311,0.501,1
"Sall1",0.000720098737191862,-1.17474673335749,0.244,0.418,1
"Chd4",0.000786429416896993,-1.91828583480512,0.067,0.219,1
"Slc6a6",0.000808727340984464,-1.24542170952993,0.2,0.375,1
"Btf3",0.000809025105733781,0.504075194225472,0.822,0.668,1
"Myl6",0.000813764666722331,-0.501331929320879,0.789,0.829,1
"Mef2a",0.000823639386899821,-1.50064901185045,0.133,0.3,1
"Naa20",0.000889013053391565,0.653321337590175,0.478,0.305,1
"Tle4",0.00089099047985309,-1.1674605690664,0.2,0.382,1
"Psmb5",0.000921833569635469,0.748519374597654,0.433,0.271,1
"Akap13",0.000928137627947758,-1.66071665856252,0.144,0.302,1
"Ywhab",0.000984766434211078,-1.29972214029829,0.222,0.379,1
"Cfl1",0.000991724748824734,0.296632229047798,0.933,0.91,1
"Snrnp70",0.00102688509974797,-1.76104755167716,0.1,0.251,1
"Cox5a",0.00102919223462845,0.464327425162627,0.8,0.671,1
"Wnk1",0.00114751603646268,-1.22387716884174,0.178,0.352,1
"Elk3",0.00117597528081917,-1.28719719600658,0.111,0.276,1
"Canx",0.00125488197674014,-0.768434771457445,0.411,0.585,1
"Itga6",0.00128258850494446,-1.85746235126237,0.078,0.221,1
"Hexa",0.00128980363556977,-0.639963241900019,0.622,0.72,1
"Zfp207",0.00130638221829113,-1.58999002934925,0.111,0.266,1
"Rpl7a",0.00132785689273199,0.387539469993191,0.911,0.806,1
"C1qc",0.00133120657843839,-0.362097679016368,0.956,0.977,1
"Hint1",0.00137209962023552,0.415505660594959,0.856,0.763,1
"Siglech",0.00144521839095858,-1.28894257414587,0.133,0.294,1
"Dgkz",0.00144719533642525,-1.96802772945004,0.067,0.206,1
"Gm42418",0.00146710568655653,-0.872342058783461,0.189,0.368,1
"Hdlbp",0.00159199863489896,-1.67326191716473,0.067,0.206,1
"Rps27l",0.00162534021576893,0.519354286704348,0.8,0.645,1
"Mrpl33",0.00166823287492749,0.72174534816032,0.522,0.37,1
"Tardbp",0.0016785005394716,-1.42632030676595,0.156,0.311,1
"Tgfbr1",0.00169050364176941,-0.927889605003737,0.333,0.499,1
"Rasgrp3",0.00172023134570301,-1.84867407132312,0.078,0.217,1
"Ptp4a2",0.00172082479010148,0.654762468489085,0.433,0.282,1
"Nubp1",0.00175306433009175,0.799771373354475,0.256,0.131,1
"Cebpzos",0.00176309446873932,0.555979773472844,0.5,0.346,1
"Fcer1g",0.00176717224187046,-0.295576106346341,0.956,0.978,1
"Cox6c",0.00185119028817672,0.297185248882366,0.933,0.806,1
"Naca",0.00186232082036115,0.346279922986398,0.9,0.795,1
"Tpp1",0.00189824204353929,-1.13108750518845,0.2,0.368,1
"Gipc1",0.00190760568919391,0.797058805816339,0.367,0.228,1
"Tcf4",0.00196737432496707,-1.61164370021395,0.089,0.232,1
"Hnrnpa3",0.0019930750716653,-0.863142002513272,0.356,0.508,1
"Mfsd11",0.0020518048276563,-1.58961667505613,0.078,0.221,1
"Capzb",0.00208934297654596,0.451410367692563,0.7,0.54,1
"Nsmce1",0.00218682371932548,0.954400926507418,0.2,0.092,1
"Raly",0.0021940072025491,0.612471840150828,0.411,0.259,1
"Cfdp1",0.00223675506964897,0.785402282024029,0.344,0.212,1
"Rnase4",0.00224931353763545,-0.508703265569104,0.533,0.679,1
"Atxn7l3b",0.00227700740562457,-1.62177185823871,0.078,0.219,1
"Mrps18a",0.00233525541650161,0.908013244956289,0.356,0.224,1
"Nktr",0.0023513525839735,-1.68548822419486,0.067,0.203,1
"Pros1",0.0023986542898775,-1.23824885515504,0.122,0.273,1
"Ywhaq",0.00246958068156913,0.605151342688988,0.456,0.296,1
"Hk2",0.0025071884911363,-1.388148171179,0.156,0.296,1
"Prpf4b",0.00254721306544857,-1.25400931022639,0.122,0.276,1
"Atp5j2",0.00264578669128046,0.356485557307868,0.922,0.801,1
"P2ry12",0.00269748146903072,-0.739713941794001,0.556,0.666,1
"Dhx9",0.00270307484304947,-1.22310104006129,0.156,0.314,1
"Hsp90ab1",0.00276114339001495,-0.506472219639631,0.733,0.763,1
"Lamtor5",0.0027951139236541,0.658650609051287,0.411,0.273,1
"Actr2",0.00282660666838852,-0.780309092685753,0.367,0.512,1
"Set",0.00284215182441581,0.564023296260476,0.633,0.485,1
"Rap2b",0.00286682445599176,-1.44756959084674,0.144,0.291,1
"Hif1a",0.00291622296742239,-1.5282248855803,0.1,0.237,1
"Spi1",0.00307376783596598,0.410250231764993,0.778,0.603,1
"Psmd8",0.00308338823620453,0.610757953717548,0.444,0.296,1
"Lamp2",0.0030835224925438,-0.831376661518414,0.411,0.544,1
"Csde1",0.00310245802058998,-1.29519618618954,0.2,0.346,1
"Psmb2",0.00311465930972326,0.697785354042302,0.511,0.393,1
"Crybb1",0.00337859856788213,0.583762626578603,0.678,0.533,1
"Wdr89",0.00344357134749677,1.17358068396027,0.256,0.144,1
"Hspe1",0.00352136348495317,0.345083019365725,0.8,0.652,1
"Itm2c",0.00363507962659171,-0.852242412897144,0.244,0.404,1
"Fabp5",0.00365082844731951,0.673410757879697,0.611,0.447,1
"Ndufa12",0.00368659966441555,0.549539930479477,0.478,0.325,1
"Gm2000",0.00369646510993341,-0.769587312705383,0.411,0.535,1
"Cflar",0.00384531869537793,-1.78874744497239,0.1,0.228,1
"Tmem59",0.00425282688918302,-1.00238282504597,0.267,0.424,1
"Uqcr11",0.00430182245548499,0.284962409164727,0.878,0.713,1
"Ewsr1",0.00433569189137408,-1.11045005632701,0.189,0.336,1
"Scp2",0.00436422692718964,0.692070472022774,0.356,0.232,1
"Psma2",0.00447671309658936,0.546090831728186,0.444,0.293,1
"Svbp",0.00451477362078868,-0.794341658283087,0.244,0.408,1
"Atp2b1",0.0045786190655335,-0.931690375986796,0.178,0.323,1
"2410015M20Rik",0.0046282359031402,0.597565346259344,0.511,0.379,1
"Rpl22l1",0.0046570838254049,0.379451372738891,0.856,0.758,1
"Srsf9",0.00484107346750895,0.454234654629774,0.689,0.558,1
"Tmed7",0.00487321708548308,-1.32350163603834,0.122,0.253,1
"Ndufb8",0.00491263358278525,0.422398027549387,0.778,0.6,1
"Mcrs1",0.00497961510815928,1.17746142942041,0.2,0.102,1
"Slc38a2",0.00501464503264251,-1.32454023970895,0.111,0.241,1
"Mrpl49",0.00508917277270162,1.0056891469623,0.211,0.11,1
"Tyms",0.00509766101747522,1.10082858760531,0.2,0.101,1
"Zeb2",0.00515355586750045,-0.980390883476549,0.256,0.402,1
"Hexb",0.00534872249539378,-0.38061418845347,0.889,0.883,1
"Nipa2",0.00543512098109474,-1.27376405325125,0.122,0.257,1
"Ftl1-ps1",0.00554189236376624,-1.0850793066563,0.189,0.338,1
"Camk2d",0.00558754820596004,-1.45147807807199,0.089,0.214,1
"Cmtm7",0.00559489777259574,0.636798673032307,0.467,0.327,1
"Vdac2",0.00575750006333643,0.540151738676841,0.6,0.461,1
"Atp5j",0.00575788917461731,0.379330059173723,0.711,0.56,1
"Erh",0.00583703613061632,0.47353694882645,0.744,0.607,1
"Atp6v1b2",0.00584239856015672,-1.32650337938289,0.167,0.293,1
"Cops4",0.00589292749172246,0.984543202994032,0.2,0.102,1
"Khdrbs1",0.00591344199518262,0.834967978014803,0.256,0.142,1
"Ubl5",0.00603970266403048,0.291167007950165,0.956,0.803,1
"Alox5ap",0.00604553039143646,-1.64443994151254,0.122,0.244,1
"Ndufb7",0.00622210913958284,0.394368724093177,0.7,0.535,1
"Nenf",0.00623612192893661,-0.970567059153247,0.189,0.327,1
"Sap18",0.00625643914346253,0.366277767055467,0.567,0.422,1
"Cyfip1",0.00633686084378075,-0.684302539375462,0.356,0.501,1
"Itgb1",0.00636183019268307,-0.968109771946806,0.278,0.415,1
"Lgmn",0.00646191378483292,-0.333197322742837,0.922,0.955,1
"Higd2a",0.0065022040278803,0.5117723659316,0.644,0.517,1
"Cdc42",0.00670862189308354,0.440563584523487,0.8,0.675,1
"Timm8a1",0.00682812808906512,1.15844136042276,0.211,0.115,1
"Tomm22",0.0072284060105488,0.600815384851876,0.444,0.33,1
"Plin2",0.0074086932856604,0.554423324844718,0.544,0.422,1
"Prrc2c",0.00752071266803253,-1.1792847295278,0.211,0.338,1
"Kctd12",0.00765541264742808,-0.667716507634401,0.344,0.503,1
"Ccr5",0.00766676422176516,-1.33234149590308,0.211,0.332,1
"Arpc1b",0.00773538450523157,0.330209269451752,0.911,0.828,1
"Abca1",0.0078443792672558,-0.722040889832208,0.444,0.573,1
"Hpgds",0.00788064946227971,-0.534421580879545,0.444,0.598,1
"Colgalt1",0.00836967667066142,-1.44853171011233,0.122,0.241,1
"Higd1a",0.00839752397864883,0.473303309814622,0.456,0.321,1
"Unc93b1",0.00852610200362743,-0.655561102269966,0.4,0.54,1
"P2ry13",0.00855829722862313,-1.18926679775606,0.167,0.291,1
"Necap2",0.00858822959645194,0.62901278857122,0.311,0.192,1
"Eif4a3",0.00859743197814981,0.791562963113581,0.244,0.135,1
"Ltc4s",0.00860630590485595,-0.644064621908861,0.444,0.569,1
"Metap2",0.00900710876946908,-0.973280705902581,0.144,0.278,1
"Stab1",0.00900922301549068,-1.1850583031425,0.311,0.442,1
"Hnrnpa1",0.0090376018067218,-0.91116168471773,0.311,0.438,1
"Snrpf",0.0091345216879722,0.402306853955688,0.633,0.503,1
"Tm6sf1",0.00927161109356328,-1.01849416953035,0.167,0.296,1
"Ssh2",0.00932628477884661,-1.09894321444376,0.111,0.235,1
"Syncrip",0.00964857104917967,-1.41236128607924,0.089,0.203,1
"Eif5b",0.00976517939682324,-1.15934027825343,0.189,0.314,1
"Tmem50a",0.00984600267943432,-0.613044269678651,0.278,0.433,1
"Cd81",0.0099355430221531,-0.423561523356474,0.656,0.768,1
"Adam10",0.00995668189387065,-0.984194221715608,0.267,0.388,1
"Rps6",0.0105784183116666,0.345600555514832,0.722,0.609,1
"Rock2",0.0105932260602754,-1.35926039131969,0.1,0.215,1
"Hspa5",0.0106698205554665,-0.85262504585727,0.289,0.411,1
"Tbcb",0.0107894371019459,0.632457188322204,0.356,0.242,1
"Ppcdc",0.0108187962083983,-1.5906622254637,0.1,0.21,1
"Fyb",0.0108373761001694,-1.17996003205969,0.111,0.233,1
"Dusp6",0.0108880847230163,-1.04431378006957,0.189,0.32,1
"Dek",0.0109958558126615,-0.892183833697488,0.122,0.25,1
"Dynlt1f",0.0110057023503682,-1.47304954665343,0.111,0.223,1
"Psma1",0.0111874605955547,0.814776716863552,0.367,0.255,1
"Stx8",0.0112377694238667,0.879906878020625,0.222,0.126,1
"Polr2i",0.0112514396909597,0.665068969949657,0.356,0.237,1
"Sparc",0.0112879528694448,-0.742588523169771,0.6,0.671,1
"Ctbp1",0.0114082132743431,0.770589999671051,0.256,0.153,1
"Atp13a2",0.0114742438710503,-1.09730344670119,0.167,0.294,1
"Eif4a1",0.0114900496269535,0.42538663688363,0.644,0.53,1
"Ndufa11",0.0115173692126041,0.385180290721677,0.6,0.465,1
"Gtpbp4",0.0116049579260051,-1.46705153334948,0.1,0.214,1
"Sh3bgrl",0.0116266641133924,-1.07567598371453,0.133,0.257,1
"Pld3",0.0116869456446565,-1.28601775073175,0.133,0.248,1
"Capns1",0.0117167589445493,0.431122155142819,0.444,0.305,1
"Pdcd6ip",0.0118524093403681,-1.10073468312782,0.111,0.228,1
"Txn1",0.0119681194023009,0.590581084461048,0.478,0.352,1
"Gm8797",0.0119821807321191,-1.27364391514564,0.122,0.239,1
"Tgfbr2",0.0120633594669477,-1.16540404218059,0.133,0.257,1
"Suds3",0.0126718813522008,0.753240573297491,0.244,0.144,1
"Atp5c1",0.0130860893063594,0.556536355230865,0.589,0.463,1
"B2m",0.0134595848613301,-0.45212654945799,0.722,0.763,1
"Fam105a",0.0136376569503201,-1.09413423912709,0.211,0.327,1
"Commd9",0.0139027843634834,0.805344131445657,0.256,0.154,1
"Pa2g4",0.0139268314094216,0.949569113580842,0.289,0.192,1
"Gsk3b",0.0143171478605944,-1.10559458344905,0.167,0.284,1
"Itgam",0.014363216000658,-1.15173490552252,0.133,0.251,1
"Tpi1",0.0144303645856606,0.396215181319948,0.578,0.429,1
"Dut",0.0144835761112892,0.745354934932296,0.233,0.135,1
"Hsd17b10",0.0145550205385098,0.964493545372317,0.222,0.131,1
"Dctpp1",0.014567183970616,0.816980374467587,0.422,0.316,1
"Mcts1",0.0149818160584842,0.470655181864417,0.356,0.235,1
"Srsf5",0.0149983501292374,-1.02508830982557,0.233,0.345,1
"Pkm",0.0155100673828298,0.494147898076245,0.578,0.469,1
"Sppl2a",0.0155361839951809,-1.25420064211766,0.1,0.206,1
"Nsmce2",0.0157864202161689,0.50309380244824,0.2,0.11,1
"Aprt",0.0160500923594783,0.399763082277894,0.589,0.451,1
"Lamtor1",0.0164089126759333,0.298335812840362,0.633,0.497,1
"Lcp1",0.0164861810100572,-0.733939406373118,0.167,0.296,1
"Cryba4",0.016652420642859,0.450166471411883,0.556,0.411,1
"Tmco1",0.016817159654761,-0.74500514470251,0.2,0.338,1
"Trappc1",0.0168587032329108,0.595415711849083,0.289,0.181,1
"Grina",0.0168967964225979,-1.21825802369864,0.156,0.264,1
"Fchsd2",0.0169656749920496,-1.1099164911153,0.178,0.287,1
"Creg1",0.017565288558454,-0.795079782512007,0.278,0.406,1
"Hmgn1",0.017706206732476,0.36523414994389,0.733,0.61,1
"Pdcl3",0.0177779158523894,0.744414268411458,0.244,0.149,1
"Myef2",0.0178790136598211,-1.56872019866241,0.111,0.214,1
"Pdcd6",0.0179523770094009,0.690095454313411,0.2,0.111,1
"Atp1b3",0.017977608947148,-0.869725293339885,0.211,0.329,1
"Srsf11",0.0181034502057593,-1.0041341698484,0.133,0.25,1
"Bnip2",0.0181199640971856,-0.727226643725771,0.1,0.214,1
"Scd2",0.0183431687264769,-0.893945588271868,0.3,0.409,1
"Camk1",0.0184344996182885,0.315906119447073,0.533,0.397,1
"Hnrnpul1",0.0184729614904443,-0.807676385138526,0.189,0.314,1
"Syngr2",0.0186091751343889,-0.999841698563857,0.1,0.206,1
"Cox17",0.0186834841426222,0.460265375428002,0.622,0.501,1
"Adgre1",0.0190968941349904,-0.648434446669558,0.367,0.504,1
"Hmgn2",0.0195712961475603,0.324342813071945,0.589,0.476,1
"Rbm15",0.0197537519449611,-0.811874415361636,0.122,0.233,1
"Wls",0.019895628468114,-1.29779935140352,0.133,0.239,1
"Rpl31",0.0198976784712988,0.258783369268354,0.867,0.79,1
"Pin1",0.0201099784853997,0.717830141204193,0.278,0.181,1
"Mea1",0.0203070552695955,0.867923429964777,0.222,0.135,1
"Aamp",0.0206159497764129,0.545054009856921,0.356,0.248,1
"Lsm5",0.0206633036864171,0.856780975257567,0.333,0.241,1
"Cct5",0.021231532832358,0.741243573662192,0.222,0.135,1
"Ucp2",0.0215251299947416,0.292903024884964,0.767,0.695,1
"mt-Nd3",0.0215394685155256,0.4234894662983,0.744,0.648,1
"Asph",0.0215738389318362,-0.815448154046241,0.178,0.293,1
"Reep3",0.0216274708653331,-0.888284722761895,0.233,0.348,1
"Tacc1",0.0216987632171693,-0.944016774901508,0.267,0.373,1
"Tnfrsf21",0.0218728629442488,-1.1383199392541,0.122,0.223,1
"Cox7a2",0.0219253855696671,0.312266002332694,0.789,0.684,1
"Cox7c",0.0222178850257345,0.269411176272458,0.922,0.89,1
"Tspo",0.0227745098699367,0.555905569753239,0.356,0.25,1
"Msn",0.0227813471241049,-0.806060994516453,0.322,0.417,1
"Man1c1",0.0234350309606887,-1.20221106648057,0.178,0.276,1
"Nptn",0.0234664822366821,-0.633391751974141,0.244,0.379,1
"Ncoa3",0.0236156106321309,-1.3699220776176,0.122,0.219,1
"Ech1",0.0238092189595092,0.676560439724895,0.211,0.122,1
"Zmat2",0.0239499386955388,0.802431001413754,0.244,0.156,1
"Tm2d2",0.0241442540228708,-0.887214551631665,0.222,0.33,1
"Akt1",0.0243812179067807,0.597774562675772,0.278,0.178,1
"Glul",0.0244257039395036,0.439055741276824,0.611,0.528,1
"Ifngr1",0.0246251889404726,-0.753256908637109,0.322,0.433,1
"B4galt1",0.0248415901339087,-0.836680666568333,0.189,0.302,1
"Lrp1",0.024849834399022,-0.793014500523984,0.311,0.424,1
"Ebna1bp2",0.0250775564080563,0.556128568527408,0.211,0.122,1
"Cd63",0.0251113801086642,-0.370877774016586,0.589,0.725,1
"Ubap2l",0.0259093243206889,-1.0688246989711,0.133,0.239,1
"Hnrnpu",0.0260514648813408,-0.612211430523537,0.333,0.465,1
"Mrpl15",0.0265431583710138,0.841364885043143,0.2,0.117,1
"Tln1",0.0270184682713139,-1.30253799306556,0.122,0.219,1
"Ndufs8",0.0273278182685352,0.538651091788747,0.4,0.294,1
"Csnk2b",0.0273863866845838,0.465588319503329,0.4,0.291,1
"Pcna",0.0274359439519652,0.792949220586596,0.244,0.156,1
"Ptgs1",0.027500103350618,-1.1516541113161,0.133,0.232,1
"Rpl5",0.0277733764106823,0.27849998208095,0.733,0.576,1
"Etfb",0.0278498320718695,0.533996767561321,0.422,0.321,1
"Capza1",0.0280654690810762,-0.81879810877838,0.222,0.332,1
"Sdf2l1",0.0283581391908408,0.471907288860878,0.356,0.241,1
"Idh3g",0.0284718872478776,0.64951448363362,0.211,0.127,1
"Tma7",0.0285164455914706,0.295358716581378,0.711,0.587,1
"BC005537",0.028673790406435,-0.811187303949546,0.2,0.305,1
"Top1",0.0288385710032518,-0.892896976568452,0.167,0.282,1
"Igfbp4",0.0288436783832948,-0.960964233291741,0.189,0.291,1
"Nme2",0.0292176509736551,-0.834935531563659,0.267,0.368,1
"Akirin1",0.0292179971018975,0.488873637571986,0.267,0.167,1
"Cd180",0.0308730846452534,-0.891678865847232,0.167,0.278,1
"Comt",0.0310547782738777,-1.05255362346353,0.289,0.386,1
"Rab8b",0.0310563963482788,-1.03586035264761,0.178,0.276,1
"Csnk1a1",0.0311526359012377,-0.710370263360222,0.256,0.363,1
"Rab14",0.0311580272366717,-0.73486655108827,0.3,0.418,1
"Npc1",0.0312957486684076,-1.19255611767111,0.111,0.205,1
"C3ar1",0.0314463630320503,-0.849451090740854,0.2,0.309,1
"Mrpl12",0.0314741485045138,0.459518346115416,0.444,0.341,1
"Prdx2",0.0317244565788355,0.406351337825705,0.544,0.46,1
"Ndufs6",0.0321740228453716,0.416599788832024,0.533,0.411,1
"Cdc37",0.03264738593234,0.633367781927961,0.289,0.196,1
"Emg1",0.0337871446832026,0.531309530504737,0.356,0.257,1
"Slc39a1",0.0339112842718118,-0.637842518818031,0.278,0.386,1
"Sf3b1",0.034145149591953,-0.712853086136097,0.156,0.268,1
"Polr1d",0.0341943454987435,0.374924940943241,0.633,0.508,1
"Ndufb4",0.0348215325890871,0.414104703896593,0.444,0.332,1
"Hspa8",0.0353365078834087,0.437312806875085,0.733,0.67,1
"P4hb",0.0354722468672652,-0.823742709380237,0.156,0.255,1
"Mat2a",0.0358670968047132,-1.00633308058834,0.111,0.205,1
"Pebp1",0.0359662057079714,0.326068193895982,0.611,0.501,1
"Ptbp1",0.0363387106535063,-1.22472214506639,0.167,0.255,1
"Hprt",0.0366520451565829,0.440153306027887,0.411,0.305,1
"Cox6a1",0.0368018459016931,0.439922137285586,0.556,0.458,1
"Grk2",0.0368147364029774,-1.15746915734586,0.111,0.205,1
"Selenop",0.0371257238100501,-0.320874973917364,0.844,0.86,1
"Cyba",0.0376969897664863,-0.338094455853227,0.878,0.864,1
"Knop1",0.037981218594325,-0.85355611501616,0.178,0.278,1
"Ppp1r2",0.0381416279189231,0.613035429384729,0.211,0.129,1
"Ctsc",0.038223392426102,-0.780165546894089,0.267,0.373,1
"Dcun1d5",0.0385899201222062,0.431734512875839,0.344,0.237,1
"Mfsd1",0.0388240101811067,-1.05246161825148,0.189,0.276,1
"Nudc",0.0390858948766502,0.736269319062716,0.344,0.26,1
"Sept7",0.03974773572764,-0.657030759648823,0.189,0.303,1
"Timm8b",0.0399810437520792,0.385264261236643,0.511,0.408,1
"Taf10",0.0400014416338591,0.337496726719144,0.589,0.481,1
"Aldoa",0.0400663316056926,0.584606915437255,0.611,0.575,1
"Cd33",0.0402110440911276,-0.804334810203542,0.211,0.311,1
"Aes",0.040390072895214,0.312863130125352,0.511,0.4,1
"Notch2",0.0403914473513127,-1.12801801390266,0.122,0.212,1
"Rdx",0.0410858103750067,-0.885048845662755,0.144,0.242,1
"2010107E04Rik",0.0411152673763646,0.295594311686287,0.856,0.768,1
"Bcl2a1b",0.0412951364770043,0.274712631635416,0.567,0.456,1
"Psmd14",0.0413032948627658,0.652465543260158,0.211,0.135,1
"Srp14",0.0413517685706545,0.362469916960305,0.689,0.548,1
"Fli1",0.0414534410576746,-1.03195379736031,0.178,0.273,1
"Lpl",0.0415584410382186,-0.884629993351545,0.178,0.28,1
"Itm2b",0.0423459383461301,-0.266241610729538,0.956,0.957,1
"Syngr1",0.0423782508790889,-0.494423503147333,0.533,0.612,1
"Rps17",0.0426785593866149,0.255364922709094,0.811,0.738,1
"Gdi2",0.0427150701527817,-0.437284846057154,0.478,0.594,1
"Marf1",0.0430058268424682,-0.870438398758763,0.267,0.354,1
"Rfc2",0.0432962468152015,0.902696535071085,0.222,0.149,1
"Arf1",0.0437322793379676,0.369975316911048,0.578,0.451,1
"Trmt112",0.0441234732171847,0.333239762050924,0.567,0.438,1
"Clns1a",0.0441784094354733,0.629628486071626,0.211,0.133,1
"Rps15",0.0445145181173218,0.280205931455438,0.722,0.619,1
"Hmga1",0.0448471782878766,0.666287393506338,0.233,0.149,1
"Wasf2",0.0450987089010121,-0.755029010662925,0.222,0.321,1
"Sgpl1",0.0457521073208718,-0.771511033750014,0.2,0.3,1
"Tkt",0.0479312264151988,0.590975986161366,0.289,0.206,1
"Dnajc15",0.0479764865405408,0.600850133958144,0.233,0.153,1
"Mrps36",0.04807189252456,0.52578220546633,0.389,0.307,1
"AI413582",0.0481667963989038,-0.834952330856052,0.122,0.215,1
"Pum2",0.0484658023619778,-0.804732690941563,0.133,0.23,1
"Slc40a1",0.0485195633885554,-0.910164362047736,0.133,0.224,1
"Fkbp1a",0.0486485962428425,0.355338430497431,0.544,0.42,1
"Sypl",0.0490545147714985,-0.808927782406967,0.167,0.264,1
"Birc6",0.0490551756057607,-0.831506753543521,0.178,0.278,1
"Zfand5",0.05007224482219,-1.0980689725026,0.167,0.251,1
"Hmox2",0.0504349276644621,0.786762161695005,0.278,0.197,1
"Ldha",0.0504639391994023,0.420501347332247,0.633,0.512,1
"Slc7a8",0.0504853227675132,-0.850927705051389,0.133,0.221,1
"Dpy30",0.0508269191800245,0.496197023698394,0.322,0.239,1
"Pold4",0.0509643678301927,0.38893476414416,0.267,0.176,1
"Lipa",0.0512535360067567,-1.05744475899712,0.178,0.26,1
"Anxa3",0.0519234705099322,0.35321153437461,0.4,0.291,1
"Pdia3",0.0521009755124296,-0.713769921943688,0.333,0.427,1
"Sec62",0.0526058873526382,-0.811402280420977,0.189,0.28,1
"Lmo2",0.0533404766340017,0.32097910543078,0.411,0.305,1
"Rtn4",0.0536288033219156,-0.81153231186881,0.256,0.355,1
"Fam213b",0.0538194528585006,0.591090431408989,0.256,0.176,1
"Tm9sf3",0.054223770346967,-0.629774288010523,0.344,0.434,1
"Dbnl",0.0545904768755583,0.678762030532185,0.211,0.138,1
"Rpl13a",0.0547377475163858,0.274354395647295,0.522,0.417,1
"Atp2a2",0.0555477042929674,-0.654769612973346,0.167,0.269,1
"Nucks1",0.0562675699357491,-0.628980106137022,0.211,0.311,1
"Soat1",0.0563879104585328,-0.765179895837612,0.167,0.259,1
"Mrfap1",0.0564795447462637,0.28811093565926,0.589,0.51,1
"Ppp1r11",0.0565772494246109,0.37403948018327,0.344,0.253,1
"Mpeg1",0.0568186482784122,-0.5335336598774,0.478,0.553,1
"Itgb5",0.0568843773483578,-0.399418947126289,0.356,0.474,1
"Caprin1",0.0581256025088639,-0.743772472126648,0.244,0.339,1
"Adam15",0.0589307859374248,-0.810431939126536,0.144,0.232,1
"Sf3b6",0.0594789053188206,0.39796454803575,0.444,0.357,1
"Taldo1",0.0596014765707534,0.471025020342917,0.489,0.391,1
"Ptbp3",0.0597671518437825,-0.890697129858804,0.278,0.35,1
"Cox7a2l",0.0612893054472769,0.361243722142773,0.4,0.314,1
"Lsm2",0.0614805166371114,0.493441997039954,0.278,0.199,1
"Kras",0.0617777771412434,-0.833261121776623,0.178,0.266,1
"Ndufs3",0.061786335098516,0.438247774545929,0.333,0.253,1
"Cadm1",0.0630147352558501,-0.621190545537479,0.156,0.25,1
"Dctn3",0.0636257438570993,0.336159738192897,0.367,0.271,1
"Emc10",0.0636769467597597,-1.08500907811521,0.122,0.201,1
"Ube2m",0.0639636332193781,0.297518648045637,0.411,0.312,1
"Cebpb",0.0640120477345775,-0.663532898088775,0.356,0.438,1
"0610010K14Rik",0.0640256567873967,0.361707520770938,0.478,0.37,1
"Prkar1a",0.0642764663590107,0.49570932507005,0.367,0.278,1
"Ndufaf8",0.0649818044753888,0.453168504831407,0.4,0.321,1
"Tor1aip1",0.065135309204074,-0.98851801972512,0.122,0.205,1
"Lamp1",0.0657736551460088,-0.254289202145142,0.822,0.858,1
"Eif3k",0.066141831818943,0.318277182550178,0.5,0.402,1
"Lyl1",0.0667924647408479,-1.01219712558848,0.2,0.276,1
"Asah1",0.0672820208437865,-0.53084186722488,0.378,0.454,1
"Upf1",0.0679416859396515,-0.98060095371993,0.178,0.259,1
"Rab18",0.0680430701967812,0.557661446803996,0.222,0.149,1
"Cotl1",0.0684632877941848,0.352654891755384,0.622,0.54,1
"Vps29",0.0690104739377503,0.411515920294609,0.456,0.372,1
"Hnrnpdl",0.069179311595911,-0.882345881698551,0.167,0.251,1
"Mrps34",0.0713946870092618,0.371284413652035,0.267,0.185,1
"M6pr",0.071904116680673,-0.543713015999407,0.189,0.284,1
"Cmtm3",0.0725285510600077,-0.708334766705829,0.133,0.223,1
"Dync1i2",0.0726952784426048,-0.55171709082089,0.3,0.391,1
"Cks1b",0.074010675481536,0.390783280968703,0.344,0.253,1
"Map1lc3b",0.0744831809849671,0.400289267085812,0.433,0.352,1
"Pld4",0.0754231920424657,-0.546677738248806,0.433,0.517,1
"Dnajb6",0.0756119603335247,-0.672031028158955,0.156,0.244,1
"Nrros",0.0768345421194281,-0.810246839208511,0.122,0.205,1
"Dusp11",0.077044031468853,0.570180814012351,0.211,0.142,1
"Tmem234",0.0781052345356907,-0.673878840089347,0.2,0.294,1
"Lrrc59",0.0781436778271255,0.523401651550008,0.211,0.14,1
"Clk1",0.0797454476403016,-0.746976193140455,0.156,0.235,1
"Eif3i",0.0799785382129455,0.327302631350958,0.444,0.338,1
"Scarb2",0.0802982743991467,-0.400173118367243,0.3,0.399,1
"1110008F13Rik",0.0814452004993499,0.321389752154702,0.5,0.402,1
"Prdx4",0.0818465830912629,-0.929871069236945,0.144,0.223,1
"Fam32a",0.0825764514379719,-0.773653288372737,0.211,0.302,1
"Rab10",0.0828476194785919,-0.715096464004496,0.189,0.269,1
"Ptms",0.0829573334319256,0.300097216126976,0.678,0.661,1
"Litaf",0.0841100932335514,0.358665763332097,0.422,0.338,1
"Commd8",0.0847273374440346,0.535731145682832,0.233,0.162,1
"Sox4",0.0848960292554918,-0.771133578431549,0.167,0.246,1
"Polr2l",0.0851273942677828,0.418142342591151,0.478,0.411,1
"Psenen",0.0854847649070075,-0.459317469479714,0.544,0.605,1
"Ube2l3",0.0855553033269891,0.35302690529711,0.433,0.341,1
"Cd53",0.0857451908540259,-0.42869095220468,0.422,0.504,1
"Borcs8",0.0860981682146084,0.535869187421276,0.244,0.174,1
"Foxn3",0.0869311427908534,-0.884670380297523,0.167,0.248,1
"Sod2",0.087995128715996,0.43238329429872,0.267,0.187,1
"Ccdc50",0.0883250230314779,-0.592193341319445,0.211,0.293,1
"Stub1",0.0889126309842223,-0.659910151596348,0.333,0.408,1
"Tmem256",0.0890771679599624,-0.250350688981724,0.8,0.763,1
"Nsa2",0.0891662664267262,0.26261793241513,0.722,0.634,1
"Psma6",0.0895957135513235,0.532849080583277,0.3,0.226,1
"Nhp2",0.0896784033558872,0.285215640908354,0.478,0.39,1
"Mpc2",0.0905519804043823,0.316498938052776,0.322,0.239,1
"Arl8b",0.091015072874588,-0.514598091989761,0.222,0.312,1
"Mtpn",0.0924713945081127,-0.549114382513145,0.167,0.253,1
"Gtf2h5",0.0924893009876909,0.323553460891795,0.433,0.359,1
"Slc25a39",0.0934439347802186,0.666964633756307,0.278,0.206,1
"Tmbim6",0.0934937402653254,-0.362423057252653,0.344,0.443,1
"Bsg",0.0937366617197469,-0.300700313646648,0.556,0.636,1
"Psmd13",0.0937528628803856,0.711795340299278,0.2,0.138,1
"Ly6e",0.0950207209756937,-1.03334275656249,0.156,0.226,1
"Anp32b",0.0965913425240914,-0.556935275083869,0.3,0.366,1
"Ube2s",0.0978378619015304,0.561095375908858,0.289,0.215,1
"Myh9",0.0986222337307,-0.579798482265391,0.233,0.307,1
"Nxf1",0.0986529013257502,-0.641287076084301,0.244,0.329,1
"Plek",0.0998003814726533,-0.464632360308853,0.289,0.381,1
"Agpat5",0.0999780091031277,0.536075143421481,0.211,0.145,1
"Snx3",0.100199988983788,-0.391223812804313,0.556,0.607,1
"P2ry6",0.100971733160098,-0.691563118772041,0.244,0.323,1
"Bloc1s1",0.101246141563455,-0.408030111799429,0.256,0.357,1
"Tmem147",0.102582041378489,-0.700373301508627,0.189,0.264,1
"Eif3c",0.102685759760226,-0.808531440335977,0.144,0.215,1
"Eef2",0.10386091169925,-0.283384317954152,0.489,0.567,1
"Ndufb6",0.10862989602301,0.6236774466117,0.278,0.215,1
"Znhit1",0.108738208679165,-0.839616975843768,0.189,0.257,1
"Paip1",0.10894288788768,-0.73216808095457,0.133,0.208,1
"Rab5c",0.110140332964026,0.261904774015135,0.333,0.257,1
"Tmed10",0.111220522961028,-0.449049098328659,0.278,0.366,1
"Srsf7",0.111689459752649,0.496255281046606,0.344,0.282,1
"Khsrp",0.112029325417303,-0.804118244830472,0.144,0.219,1
"Snrpd3",0.113869850248706,0.29254563280242,0.456,0.373,1
"Lims1",0.115813526679432,-0.783495942439814,0.189,0.257,1
"Fscn1",0.116092805910012,0.405444024498342,0.2,0.136,1
"Irf2bp2",0.116185008194644,-0.708316850364256,0.222,0.298,1
"0610012G03Rik",0.116226991223222,-0.410173415266039,0.611,0.609,1
"Mrps26",0.116582565823409,0.453133081722473,0.267,0.197,1
"Ctnnb1",0.116592213458802,-0.428921206139326,0.222,0.314,1
"Atp6v1a",0.118144541146516,-0.441837919596506,0.144,0.219,1
"Kdm2b",0.118410638813754,-0.712566744793844,0.156,0.226,1
"Morf4l1",0.118627298926568,-0.39124407809056,0.533,0.569,1
"Klhl9",0.118907984773459,-0.608259235962877,0.167,0.246,1
"Pdia4",0.119651655223269,-1.05770229194694,0.178,0.239,1
"Cops6",0.120274184266474,0.46092473615867,0.267,0.199,1
"C1qbp",0.120762370481441,0.276759571382218,0.478,0.399,1
"Rbbp7",0.121549319692426,0.706732864663161,0.256,0.196,1
"Glmp",0.121776477172272,-0.872084189647992,0.2,0.262,1
"Gpx3",0.121946003066056,-0.588017962995296,0.133,0.21,1
"Atp6v1c1",0.122439291748009,0.384620717966377,0.2,0.138,1
"Ssb",0.123118224633,-0.757318220870343,0.167,0.241,1
"Sub1",0.123212857871352,0.310116117012502,0.633,0.549,1
"Dtymk",0.12341897215789,0.642654888640713,0.289,0.221,1
"Dip2b",0.123655816540838,-0.76510326189081,0.156,0.223,1
"Ctsa",0.123813013768561,-0.494330656317419,0.578,0.591,1
"Rnf187",0.124124853622961,0.392992340626368,0.2,0.135,1
"Pkig",0.124891003955621,0.38701414331503,0.389,0.318,1
"Eif6",0.125090481269132,0.594959015974681,0.278,0.221,1
"Snx6",0.125248578822153,-0.569275446199952,0.178,0.255,1
"Bag1",0.126994954656226,0.382589343656218,0.456,0.386,1
"Ndufb2",0.128492184241133,0.306281503139898,0.478,0.413,1
"Timm17a",0.129582938717403,0.514524797352521,0.233,0.176,1
"Stmn1",0.129681407861559,0.499168575925533,0.522,0.461,1
"Josd2",0.129899725644472,0.538678428292488,0.211,0.149,1
"Cyth4",0.131793172687419,-0.547431710019826,0.389,0.447,1
"Gusb",0.132290198670423,-0.355579716038568,0.444,0.528,1
"Uqcrfs1",0.13276713366438,0.364887581534437,0.3,0.235,1
"Plekhj1",0.133872586627685,-0.563140371185591,0.222,0.3,1
"Dnajb14",0.134825420582238,-0.73539231130386,0.144,0.212,1
"Gm12166",0.135476718910937,-0.518174290653416,0.367,0.427,1
"Atp6ap2",0.136419309435307,-0.575606981788998,0.256,0.329,1
"Ehd4",0.136972784287457,-0.746574015592895,0.167,0.237,1
"Fam173a",0.138559061270423,-0.394224329748299,0.2,0.287,1
"mt-Nd6",0.138724030015254,0.257265701759208,0.233,0.171,1
"Ndufb3",0.139463046494014,0.420751863936433,0.4,0.329,1
"Vkorc1",0.140144523207277,0.47638653262027,0.267,0.206,1
"Nisch",0.140179693043488,-0.645345366962247,0.156,0.223,1
"Rala",0.141751475161856,-0.571462630019564,0.133,0.201,1
"Grpel1",0.141841144182285,0.406575485821405,0.267,0.201,1
"Tubgcp5",0.14256902927152,-0.778859041545674,0.144,0.214,1
"Wdr1",0.142625848013146,-0.405690448933061,0.244,0.318,1
"Psmb7",0.143151401167121,0.568899568614456,0.2,0.145,1
"Myl12b",0.143276077792214,0.391390956427984,0.411,0.354,1
"Serf1",0.143954375878554,0.280190643779825,0.289,0.226,1
"Rexo2",0.14414299902894,0.47609181302158,0.244,0.19,1
"Ccdc12",0.144216534783462,-0.784989982646776,0.178,0.241,1
"Snrpb2",0.144282912616437,-0.453761617555667,0.156,0.228,1
"Rab1a",0.145393975891148,-0.492778285153743,0.278,0.352,1
"Guk1",0.147201295007467,0.46357102475869,0.211,0.154,1
"Siva1",0.148576659333904,0.587087689092042,0.278,0.223,1
"Acot13",0.149713142201368,-0.953637659163139,0.156,0.215,1
"Srp9",0.150743661487601,-0.43988911558611,0.344,0.422,1
"Gm38843",0.151048381131898,0.497406884950127,0.289,0.233,1
"Rtn3",0.151452504905119,-0.546129708604898,0.189,0.264,1
"Mrpl52",0.151565122811811,0.284760311321144,0.567,0.497,1
"Sdhd",0.151979561131983,0.567793947010678,0.244,0.19,1
"Cbx3",0.152666780216188,-0.3017514610181,0.578,0.639,1
"Sms",0.152800073526851,0.392913177012848,0.2,0.145,1
"Atp6v0d1",0.154037212363356,0.315188887581117,0.356,0.287,1
"Rab2a",0.154504944253982,0.375807480739982,0.378,0.318,1
"Sowahc",0.155113950841624,0.319656772115991,0.2,0.138,1
"Bcas2",0.157393950500456,-0.489536687784618,0.222,0.298,1
"H2-D1",0.15802555648167,0.305321691633868,0.322,0.25,1
"Dtnbp1",0.158256458931694,-0.729569043057516,0.278,0.33,1
"Gnb1",0.158858535852288,-0.451302590295209,0.4,0.467,1
"Csf1",0.158934505065973,-0.977763476027775,0.167,0.228,1
"Ptpn18",0.158963274895532,-0.265105219631465,0.778,0.786,1
"Ncf1",0.159574094805267,-0.531776166259687,0.178,0.248,1
"Hnrnpl",0.15967227121722,-0.586336732847235,0.333,0.393,1
"Gtf2a2",0.159880634501854,0.369643548741604,0.278,0.217,1
"Med21",0.159938868614479,0.465685444957785,0.2,0.149,1
"Tcn2",0.160260394185762,-0.646660738256057,0.2,0.262,1
"Pole4",0.16463074694138,0.526381822923505,0.289,0.233,1
"Fam111a",0.164867773900912,-0.613367525426056,0.144,0.206,1
"Commd1",0.164906267390899,0.292371166679023,0.267,0.201,1
"Abcf1",0.165129688976529,-0.280489916894778,0.222,0.303,1
"Csnk1e",0.165194555331954,-1.06987996817909,0.178,0.23,1
"Zc3h15",0.165766146284649,0.251675196608188,0.256,0.19,1
"Lpcat2",0.165971424788691,-0.446158368869175,0.189,0.248,1
"Tram1",0.167610191141871,-0.626755656058056,0.233,0.3,1
"Gstp1",0.168182576899142,0.322352812537691,0.411,0.341,1
"Ran",0.168861224813566,0.265687429731989,0.633,0.54,1
"Prmt1",0.168992185287474,0.704557183198672,0.2,0.149,1
"Smim7",0.168995392595265,0.313196035173557,0.211,0.156,1
"Spcs2",0.17016425642911,-0.356121871071335,0.4,0.469,1
"Reep5",0.172584576663142,-0.439505876667601,0.433,0.496,1
"Rpn2",0.172937979446007,-0.477186920039962,0.189,0.259,1
"Atp1a1",0.173327955316691,-0.605191937121313,0.156,0.215,1
"Smim1",0.174298108660326,-0.752049398414002,0.211,0.268,1
"Gns",0.17431574399749,-0.544660993111471,0.333,0.391,1
"Edem1",0.175344022782985,-0.647969449249736,0.289,0.352,1
"Hnrnpk",0.175645739391623,-0.34221525248886,0.522,0.575,1
"Sdf4",0.176805662225037,-0.359696140821348,0.244,0.303,1
"Churc1",0.177679373847901,-0.631943639584984,0.2,0.264,1
"Emp3",0.178292816826568,-0.698439185404934,0.256,0.312,1
"Arl6ip1",0.178453834495316,-0.346046368896308,0.5,0.555,1
"Polr2k",0.18072519398968,0.302769309417641,0.444,0.386,1
"Aurkaip1",0.181819371236585,0.334359187833507,0.389,0.323,1
"D8Ertd738e",0.183313476654578,-0.355211880303483,0.567,0.627,1
"Zfp36l2",0.183677710546058,-0.563937352740811,0.156,0.221,1
"Gnpda1",0.184006126122498,0.33349109714133,0.222,0.165,1
"H2-K1",0.185380735645492,0.283103808039234,0.278,0.214,1
"Tomm6",0.186448910109318,0.327305246287097,0.478,0.404,1
"Ier3ip1",0.186513978933446,-0.642438908087292,0.244,0.302,1
"Snx2",0.186729505120334,-0.869319250484024,0.244,0.294,1
"Tmed2",0.18758638073663,-0.294376669060467,0.367,0.442,1
"Ssr4",0.188381377682293,-0.286768058353499,0.656,0.697,1
"Myo1f",0.18957888400992,-0.347697573777395,0.189,0.266,1
"Tsn",0.190277078987827,-0.535157988205642,0.167,0.232,1
"Parvg",0.190587302341917,-0.843847829343009,0.156,0.206,1
"G3bp1",0.191512855209164,-0.511976197365098,0.156,0.221,1
"Plxdc2",0.192263368487101,-0.577342570118004,0.244,0.303,1
"Dab2",0.192748107870929,-1.55748208138358,0.233,0.278,1
"Crip1",0.192957820065662,-0.836404202315849,0.144,0.201,1
"Hspa4",0.193233900603017,0.598979519419688,0.222,0.171,1
"Rabac1",0.193732927830098,0.461062991497963,0.278,0.226,1
"Chic2",0.195375460138576,0.530975652330218,0.333,0.291,1
"Snrpa1",0.195586458405048,0.255618000589931,0.2,0.147,1
"Rad23b",0.196114457211217,0.439370234639383,0.2,0.149,1
"Leprotl1",0.197253569643655,-0.58911876569187,0.144,0.203,1
"Pin4",0.197293784492811,0.28533232772874,0.267,0.205,1
"Ythdf2",0.198045844426813,-0.928779019829888,0.156,0.203,1
"Wdr83os",0.199592831178647,0.423299389713426,0.389,0.336,1
"Sar1b",0.200056702707592,0.466395678558741,0.211,0.162,1
"Ebpl",0.200911829179968,-0.594417549080218,0.156,0.212,1
"Tmem208",0.203804239747857,-0.254511372293696,0.233,0.309,1
"Cd300c2",0.203842496210593,-0.512660208229827,0.356,0.409,1
"Ppt1",0.207087202166882,-0.871653339849075,0.167,0.217,1
"Psmb6",0.2086924803245,0.290284944363038,0.467,0.418,1
"Banf1",0.208938182610635,0.289909911158779,0.233,0.178,1
"Mrpl57",0.211414864633862,0.448230859016093,0.389,0.336,1
"Snrpc",0.211461709732086,0.495322115282596,0.267,0.223,1
"Pdap1",0.212706584031257,-0.421086031701903,0.233,0.302,1
"Gpi1",0.213424276100107,0.328001866289825,0.389,0.332,1
"Dhrs3",0.214106354222899,-0.550639257763627,0.233,0.294,1
"Dpm2",0.217087926364198,-0.555940369403087,0.2,0.257,1
"Mrpl18",0.219258239127725,-0.531779239523087,0.211,0.273,1
"Sdhaf4",0.219850990635244,0.443253400510948,0.244,0.196,1
"Wtap",0.220092657389398,0.32250868646518,0.222,0.171,1
"Mrpl14",0.22030668510607,0.284789742425231,0.356,0.302,1
"Prdx3",0.222147517814133,0.364093309052784,0.256,0.199,1
"Pigyl",0.223367469804866,-0.903241663087278,0.156,0.205,1
"Jtb",0.223427732264536,-0.444618621802341,0.189,0.257,1
"Tnfrsf13b",0.223707417446803,0.351896857908239,0.222,0.176,1
"Tpst2",0.225379349807903,-0.51776672618611,0.2,0.259,1
"Magoh",0.225579825447579,0.307195704367876,0.211,0.158,1
"Eif4e2",0.225905181486661,0.457194251546291,0.333,0.285,1
"Cetn3",0.227318768037912,0.441173977159906,0.333,0.287,1
"Uchl3",0.227966610287896,0.27300179507374,0.233,0.185,1
"Otulin",0.228585738273458,0.436217793785054,0.256,0.205,1
"Ppig",0.229729554532874,-0.737357527125744,0.167,0.221,1
"Nckap1l",0.231096973733649,-0.670769459160816,0.256,0.305,1
"Cmpk1",0.232557672931792,-0.576583983110172,0.233,0.287,1
"Esd",0.235457589156798,0.287799097515204,0.4,0.341,1
"Sri",0.236935954325215,0.43879077359173,0.267,0.217,1
"Dnajc8",0.237795957052148,0.279048246956993,0.211,0.16,1
"Polr2j",0.239694487848369,0.268594262066517,0.344,0.291,1
"Fth1",0.240890938815625,0.262949563505967,0.978,0.961,1
"Atp5g3",0.241306119466131,-0.316593106552289,0.522,0.557,1
"Mlec",0.244724372327926,-0.623186936185814,0.211,0.264,1
"Eif1ax",0.245950098095434,0.30914148541607,0.233,0.183,1
"Kif5b",0.247965758642019,-0.642151912292816,0.189,0.241,1
"Tmbim4",0.248567236487512,-0.460793907088514,0.2,0.257,1
"Atp6v1e1",0.249030589474828,0.327003402892708,0.267,0.217,1
"Stt3a",0.249665752987492,-0.284883244144808,0.156,0.21,1
"Rab11a",0.250750237578102,0.396534875078841,0.311,0.264,1
"Vcp",0.250810242888941,-0.51189368819933,0.244,0.302,1
"Rhoc",0.251175055804263,0.301725015994457,0.278,0.224,1
"Pde3b",0.252193687160515,-0.587130856366787,0.289,0.338,1
"Cltc",0.252282842069658,-0.439269336571524,0.544,0.558,1
"Arl6ip4",0.255390951314866,-0.3847706519508,0.267,0.321,1
"Laptm4a",0.257459188815907,-0.345374436340169,0.322,0.386,1
"Ctss",0.260677486805592,-0.260656721609335,0.844,0.813,1
"Mrps12",0.263524786881286,0.407138052767843,0.3,0.262,1
"Mrps18c",0.26385045575746,0.331885770537356,0.267,0.221,1
"Blvrb",0.264896143303343,0.313867264329224,0.278,0.221,1
"Trappc4",0.265569952017215,0.415980527972407,0.256,0.212,1
"Dctn4",0.267463018832187,-0.563257454793159,0.156,0.206,1
"Gna12",0.272430226192133,-0.447559854167107,0.2,0.255,1
"Derl1",0.273579981416072,-0.545259861636595,0.156,0.205,1
"Tmem176b",0.276076377388716,0.446341687176538,0.233,0.192,1
"Sae1",0.277489669177722,0.283839017336112,0.2,0.154,1
"Rbbp4",0.280067234727108,-0.553915131654204,0.311,0.35,1
"Slc3a2",0.281650239447182,-0.434700296265551,0.222,0.273,1
"Evl",0.281828915173281,-0.321935517329579,0.222,0.282,1
"Bcl7c",0.283153308854836,0.411207578975803,0.2,0.16,1
"Psma4",0.285574326057163,0.443931320346002,0.256,0.212,1
"Fam104a",0.287204771842079,0.377306578042671,0.267,0.224,1
"Plxnb2",0.289279558652828,-0.373014499690806,0.411,0.452,1
"Hspa9",0.289465355290568,0.518871454253672,0.211,0.174,1
"Nap1l1",0.289665278045047,-0.321628257966507,0.278,0.341,1
"Vti1b",0.290469269634217,-0.372882963048543,0.156,0.206,1
"Rab24",0.29169471382799,-0.454885091551843,0.167,0.212,1
"Tmem30a",0.294419491380251,-0.464293285288112,0.178,0.23,1
"Trim28",0.296475237913185,-0.360312588149881,0.167,0.217,1
"Lrrc8a",0.297505547328667,-0.308753693135519,0.178,0.23,1
"Ufc1",0.297620434803099,0.266278326683469,0.267,0.221,1
"U2af1",0.298519629357321,0.312480557731181,0.322,0.28,1
"Calm1",0.300342852860177,-0.348132412255515,0.5,0.528,1
"Limd2",0.302181293900511,-0.287468709199556,0.611,0.657,1
"Cacybp",0.307470521522445,0.343613994732607,0.222,0.178,1
"Psmb1",0.308639898929896,0.329914042303832,0.478,0.425,1
"Cd37",0.312517140011106,-0.466516902319718,0.211,0.259,1
"Gm5239",0.313907548782244,0.362163413729796,0.289,0.253,1
"Dram2",0.315542276416059,-0.356854430487939,0.156,0.201,1
"Pop5",0.319594004174161,0.278313403492215,0.2,0.16,1
"Blnk",0.320589516439113,0.287159437144829,0.211,0.172,1
"Cdc26",0.325122880049233,-0.5213606702372,0.189,0.233,1
"Chmp2a",0.325164559006896,0.385196894750699,0.289,0.251,1
"Akr7a5",0.32696165466568,0.291727036105912,0.2,0.162,1
"H2afy",0.330693894483536,0.396186487275202,0.289,0.248,1
"Ywhaz",0.333330177677276,-0.443750446438806,0.311,0.346,1
"Prdx5",0.333954417542467,0.31918470760481,0.533,0.488,1
"Rnaseh2c",0.334967021268455,0.276293748883505,0.322,0.28,1
"Lsm6",0.335082000765025,0.255758209824195,0.444,0.399,1
"Gm10076",0.339565125704768,-0.367279718154597,0.222,0.276,1
"Dnaja1",0.346487102476639,-0.475675208532268,0.222,0.266,1
"Manf",0.348972287560486,-0.562940254431675,0.3,0.336,1
"Sf3b2",0.351180948358804,-0.469970849938812,0.167,0.206,1
"Oxct1",0.352822884837068,-0.384522770811411,0.189,0.237,1
"Pam16",0.353962490564229,-0.364368650193114,0.178,0.223,1
"Hsp90aa1",0.354421571390123,-0.474665859054545,0.289,0.321,1
"Tmed3",0.355785164102461,-0.346603774953832,0.2,0.244,1
"Mapre1",0.356591249262497,-0.46074382440044,0.256,0.294,1
"Emc7",0.358861263797382,-0.459441251934812,0.167,0.206,1
"Eif2s2",0.360005296512912,0.262357850571236,0.456,0.44,1
"Cdc42se1",0.362673868805792,-0.567538607293155,0.222,0.259,1
"Nudt9",0.370757013571281,0.35270473115277,0.211,0.18,1
"Ppp2ca",0.373161425535704,0.331838655284436,0.244,0.21,1
"Rps27rt",0.373643462894587,0.487791573530092,0.2,0.171,1
"Fam212a",0.374093158189112,0.25960716699263,0.222,0.183,1
"Golga7",0.374592324180014,-0.54142865026249,0.178,0.217,1
"Gna13",0.381073336217043,-0.617072989913466,0.178,0.215,1
"Gas6",0.386768946567388,-0.449469131764975,0.422,0.44,1
"Plekho1",0.387153979308618,-0.422881602073814,0.333,0.37,1
"Evi2a",0.390860781441292,-0.284707923589049,0.322,0.377,1
"Psma3",0.390956777551775,-0.306834825061644,0.322,0.364,1
"Mff",0.392504272428157,-0.416920264684299,0.167,0.21,1
"Dph3",0.392780020905373,-0.406892455898674,0.167,0.201,1
"Txnl4a",0.392897682346202,0.313083700730328,0.3,0.262,1
"Lst1",0.395234767920322,-0.392776437644761,0.478,0.503,1
"Atp5b",0.395528818172531,0.273391637952949,0.433,0.404,1
"Arl4c",0.399113953050604,-0.295425538613716,0.289,0.316,1
"Ndufs2",0.404660286457857,0.340939859560081,0.211,0.181,1
"Apbb1ip",0.408862143090872,-0.467815371361613,0.256,0.285,1
"Zfand6",0.409588981274615,-0.454236873988668,0.211,0.253,1
"Polr2e",0.410695306431489,0.271708752441831,0.233,0.192,1
"Usp50",0.412808008620942,-0.29695873741302,0.244,0.293,1
"Fgd2",0.413870269779668,-0.536965152997097,0.167,0.205,1
"Eif5",0.414257911245193,-0.511657355062369,0.233,0.275,1
"Snx17",0.415044716267325,-0.377195176378771,0.222,0.264,1
"Kpnb1",0.42073857354251,-0.407216758214559,0.2,0.237,1
"Papola",0.424077510156578,-0.350903751885069,0.167,0.201,1
"Orai1",0.425810512589875,-0.57168603584762,0.178,0.208,1
"Mdh2",0.425831362859169,0.440355846499132,0.311,0.289,1
"Ptov1",0.427208463639269,0.263686847993796,0.3,0.26,1
"Ptpra",0.427616110408778,-0.499939524293807,0.233,0.269,1
"Ccl9",0.432609470985834,-0.420053225788204,0.256,0.293,1
"Rhob",0.43817562198367,-0.340634185848981,0.456,0.476,1
"Ppp4c",0.438637441465485,-0.316842211050734,0.322,0.359,1
"Snrnp27",0.439418861778663,0.260825738330208,0.233,0.205,1
"Selenos",0.451923450545004,-0.367729507510208,0.2,0.233,1
"Dnajb11",0.455479797465448,-0.397641672984566,0.178,0.208,1
"Pdcd5",0.458661147627829,-0.267661604386827,0.433,0.485,1
"Cd86",0.463735316597731,0.384780456169426,0.2,0.172,1
"1110004F10Rik",0.464619300711504,0.260108014001156,0.244,0.219,1
"Ostc",0.473067603685452,-0.286439476146256,0.433,0.456,1
"Rab11b",0.482524007975915,0.395793040784393,0.211,0.185,1
"Bbip1",0.482535771959434,-0.348245286795919,0.2,0.233,1
"Rnpep",0.490613261381806,-0.395425869155353,0.178,0.208,1
"Smim27",0.492383638105372,-0.290361206585753,0.244,0.282,1
"Pak2",0.496279671937491,-0.26310475728387,0.244,0.282,1
"Ccni",0.497225175037309,-0.460908227944193,0.2,0.23,1
"Srsf2",0.515591977223432,-0.39953088372995,0.333,0.352,1
"Anapc13",0.51946232843179,-0.429678578844169,0.344,0.363,1
"Paip2",0.519845302839445,0.329383352985364,0.278,0.255,1
"Rpa3",0.520982398894125,0.548793842567046,0.2,0.181,1
"Taf6l",0.526466431929119,-0.266881896637168,0.256,0.289,1
"Txnip",0.526667544760981,-0.671740548778488,0.244,0.259,1
"Eif3a",0.529617853589339,-0.283091903506017,0.3,0.339,1
"Olfml3",0.530484299940004,-0.590545002223849,0.222,0.242,1
"Tomm5",0.530632627974117,0.35115321298107,0.289,0.278,1
"Mif",0.531959360571274,0.251586501207531,0.711,0.691,1
"Hmox1",0.541448564300897,-0.514053339904632,0.3,0.271,1
"Aimp1",0.547615225022302,-0.492237159692191,0.211,0.241,1
"Pgam1",0.550735796282435,0.301323808466488,0.556,0.54,1
"Vsir",0.553329206886864,-0.43556809212118,0.311,0.325,1
"Ptpn6",0.554817500418375,-0.363409861035187,0.211,0.23,1
"Tspan31",0.557545708193552,-0.269744550695707,0.211,0.235,1
"Glrx5",0.565618668473376,0.26970172086402,0.267,0.246,1
"Hnrnpd",0.565858887203342,-0.370905273478058,0.211,0.235,1
"Ccl3",0.568311948710458,-0.385006502704818,0.344,0.303,1
"Mapk3",0.569165337159241,-0.36938794329217,0.189,0.203,1
"Commd7",0.586233847931135,0.683667546696542,0.178,0.208,1
"Nmt1",0.590175441399035,-0.304598172214519,0.422,0.445,1
"Tsc22d4",0.630710186087764,-0.318857290444696,0.278,0.296,1
"Marcksl1",0.647725718263972,-0.298611400138063,0.344,0.361,1
"Vegfb",0.649604465820816,0.305977319400497,0.244,0.239,1
"Ufm1",0.6571870091547,0.319694607646246,0.289,0.28,1
"Serinc1",0.663016786138831,-0.467068127019247,0.211,0.224,1
"Fermt3",0.668982239155034,-0.28820224574681,0.222,0.239,1
"Tgfb1",0.670772008296611,-0.277073911889156,0.333,0.35,1
"Ddost",0.705233774202325,-0.366868693283164,0.278,0.282,1
"Atp5a1",0.711916149951472,-0.276479308843647,0.389,0.39,1
"Coa5",0.725221046500421,0.359267009732958,0.2,0.192,1
"Mcrip1",0.731589207990726,-0.300553355909068,0.356,0.372,1
"Mydgf",0.739866072662898,-0.363905619275753,0.3,0.305,1
"Tmem86a",0.745969489202947,-0.263944947679757,0.278,0.246,1
"Wwp2",0.752430571425981,-0.325439037434225,0.322,0.329,1
"Pitpna",0.757657414354345,-0.281987249951165,0.233,0.241,1
"Cisd2",0.762776641498988,-0.252785808398481,0.244,0.255,1
"Fcgrt",0.7657643530718,-0.397186849250026,0.189,0.201,1
"Arl8a",0.770438751018327,-0.405072262661448,0.233,0.239,1
"Rin2",0.780871978918307,-0.391446052704406,0.289,0.291,1
"Grb2",0.782268147974968,-0.250039278166905,0.256,0.264,1
"Mrpl20",0.788567942914056,-0.309082562335518,0.4,0.395,1
"Spp1",0.788791288833853,-0.300546695521656,0.4,0.397,1
"Tnni2",0.804581464461059,-0.394790681170609,0.233,0.235,1
"Hnrnpab",0.811435392938756,-0.271783478251837,0.322,0.325,1
"Rbm8a",0.835908516678034,-0.411637524288382,0.189,0.203,1
"Ubc",0.839434538132688,-0.267304104543444,0.389,0.384,1
"Pnp",0.839504941494979,-0.429115107162439,0.233,0.233,1
"Cd52",0.885578374067015,-0.281042925613565,0.311,0.285,1
"Matr3",0.888798589564702,-0.320878848079303,0.222,0.223,1
"Srsf6",0.895097322928324,-0.287809288738948,0.289,0.285,1
"Gspt1",0.96018363663243,-0.42916858176281,0.211,0.205,1
"Ninj1",0.979694986471073,-0.329932238458638,0.267,0.251,1
"Ociad1",0.989477239825493,-0.289760135120116,0.2,0.194,1
"Lman2",0.999650327442234,-0.320454534050636,0.2,0.196,1
